Dominio,Categoría,URL Final (Slug),H1 Título,Meta Descripción,Moneda,País,Aeropuerto,Historia Local
http://dinastiamainecoon.com,venta,maine-coon-bogota,Maine Coon en Bogotá,Venta de gatos Maine Coon en Bogotá. Criadero especializado con ejemplares gigantes y sanos.,USD,Colombia,Aeropuerto Internacional El Dorado (BOG),"El tamaño XL de este gigante de corazón gentil sorprende a todos en Bogotá. A pesar de que nuestro diverso clima colombiano propicia dinámicas muy particulares en las mascotas, el Maine Coon prefiere la tranquilidad y comodidad del hogar. Su inteligencia desbordante le permite aprender a usar rascadores verticales y seguir rutinas diarias junto a tu familia en Colombia. Una vez que lo recojas en el Aeropuerto Internacional El Dorado (BOG), te enamorarás instantáneamente de sus dulces gorjeos, los cuales usa en lugar del clásico maullido estridente."
http://dinastiamainecoon.com,venta,maine-coon-medellin,Maine Coon en Medellín,Criadero de Maine Coon en Medellín. Gatos gigantes con pedigree y garantía de salud.,USD,Colombia,Aeropuerto Internacional José María Córdova (MDE),"El tamaño XL de este gigante de corazón gentil sorprende a todos en Medellín. A pesar de que nuestro diverso clima colombiano propicia dinámicas muy particulares en las mascotas, el Maine Coon prefiere la tranquilidad y comodidad del hogar. Su inteligencia desbordante le permite aprender a usar rascadores verticales y seguir rutinas diarias junto a tu familia en Colombia. Una vez que lo recojas en el Aeropuerto Internacional José María Córdova (MDE), te enamorarás instantáneamente de sus dulces gorjeos, los cuales usa en lugar del clásico maullido estridente."
http://dinastiamainecoon.com,venta,maine-coon-cali,Maine Coon en Cali,Encuentra gatos Maine Coon en Cali. Ejemplares puros de gran tamaño para entrega inmediata.,USD,Colombia,Aeropuerto Internacional Alfonso Bonilla Aragón (CLO),"Tener un Maine Coon en Cali es un privilegio visual y emocional para cualquier familia en Colombia. Sus imponentes patas anchas, adornadas con mechones de pelo entre los dedos (conocidos como 'raquetas de nieve'), fueron diseñadas por la madre naturaleza para caminar sobre la nieve; sin embargo, en nuestro diverso clima colombiano resultan ser el gato doméstico más fascinante y dócil que puedas imaginar. Nuestro protocolo de envío asegurado a través del Aeropuerto Internacional Alfonso Bonilla Aragón (CLO) garantiza que tu futuro compañero felino llegue con cero nivel de estrés."
http://dinastiamainecoon.com,venta,maine-coon-barranquilla,Maine Coon en Barranquilla,Venta de Maine Coon en Barranquilla. Gatos gigantes saludables con envíos seguros.,USD,Colombia,Aeropuerto Internacional Ernesto Cortissoz (BAQ),"Aunque Barranquilla se caracteriza por nuestro diverso clima colombiano, el tupido y denso manto de un Maine Coon cuenta con propiedades termorreguladoras excepcionales. Su doble capa de pelo, heredada de los duros inviernos de Maine en Estados Unidos, le permite adaptarse perfectamente a la vida de interiores en tu hogar en Colombia, ya sea con aire acondicionado o calefacción. Al llegar desde el Aeropuerto Internacional Ernesto Cortissoz (BAQ), notarás inmediatamente su majestuosa presencia y su comportamiento afectuoso, parecido al de un perrito dorado, acompañándote a cada paso que des."
http://dinastiamainecoon.com,venta,maine-coon-cartagena,Maine Coon en Cartagena,Criadero de Maine Coon en Cartagena. Magníficos gatos gigantes criados en familia.,USD,Colombia,Aeropuerto Internacional Rafael Núñez (CTG),"Tener un Maine Coon en Cartagena es un privilegio visual y emocional para cualquier familia en Colombia. Sus imponentes patas anchas, adornadas con mechones de pelo entre los dedos (conocidos como 'raquetas de nieve'), fueron diseñadas por la madre naturaleza para caminar sobre la nieve; sin embargo, en nuestro diverso clima colombiano resultan ser el gato doméstico más fascinante y dócil que puedas imaginar. Nuestro protocolo de envío asegurado a través del Aeropuerto Internacional Rafael Núñez (CTG) garantiza que tu futuro compañero felino llegue con cero nivel de estrés."
http://dinastiamainecoon.com,venta,maine-coon-cdmx,Maine Coon en CDMX,Venta de gatos Maine Coon en CDMX. Criadero certificado con ejemplares de alta genética.,MXN,México,Aeropuerto Internacional Benito Juárez (MEX),"El tamaño XL de este gigante de corazón gentil sorprende a todos en CDMX. A pesar de que el dinámico clima mexicano propicia dinámicas muy particulares en las mascotas, el Maine Coon prefiere la tranquilidad y comodidad del hogar. Su inteligencia desbordante le permite aprender a usar rascadores verticales y seguir rutinas diarias junto a tu familia en México. Una vez que lo recojas en el Aeropuerto Internacional Benito Juárez (MEX), te enamorarás instantáneamente de sus dulces gorjeos, los cuales usa en lugar del clásico maullido estridente."
http://dinastiamainecoon.com,venta,maine-coon-guadalajara,Maine Coon en Guadalajara,Maine Coon en Guadalajara. Gatos gigantes con pedigree y salud garantizada.,MXN,México,Aeropuerto Internacional de Guadalajara (GDL),"El tamaño XL de este gigante de corazón gentil sorprende a todos en Guadalajara. A pesar de que el dinámico clima mexicano propicia dinámicas muy particulares en las mascotas, el Maine Coon prefiere la tranquilidad y comodidad del hogar. Su inteligencia desbordante le permite aprender a usar rascadores verticales y seguir rutinas diarias junto a tu familia en México. Una vez que lo recojas en el Aeropuerto Internacional de Guadalajara (GDL), te enamorarás instantáneamente de sus dulces gorjeos, los cuales usa en lugar del clásico maullido estridente."
http://dinastiamainecoon.com,venta,maine-coon-monterrey,Maine Coon en Monterrey,Criadero Maine Coon en Monterrey. Ejemplares imponentes adaptados a interiores.,MXN,México,Aeropuerto Internacional de Monterrey (MTY),"Tener un Maine Coon en Monterrey es un privilegio visual y emocional para cualquier familia en México. Sus imponentes patas anchas, adornadas con mechones de pelo entre los dedos (conocidos como 'raquetas de nieve'), fueron diseñadas por la madre naturaleza para caminar sobre la nieve; sin embargo, en el dinámico clima mexicano resultan ser el gato doméstico más fascinante y dócil que puedas imaginar. Nuestro protocolo de envío asegurado a través del Aeropuerto Internacional de Monterrey (MTY) garantiza que tu futuro compañero felino llegue con cero nivel de estrés."
http://dinastiamainecoon.com,venta,maine-coon-puebla,Maine Coon en Puebla,Venta de Maine Coon en Puebla. Gatos puros y gigantes de criadero responsable.,MXN,México,Aeropuerto Internacional de Puebla (PBC),"Tener un Maine Coon en Puebla es un privilegio visual y emocional para cualquier familia en México. Sus imponentes patas anchas, adornadas con mechones de pelo entre los dedos (conocidos como 'raquetas de nieve'), fueron diseñadas por la madre naturaleza para caminar sobre la nieve; sin embargo, en el dinámico clima mexicano resultan ser el gato doméstico más fascinante y dócil que puedas imaginar. Nuestro protocolo de envío asegurado a través del Aeropuerto Internacional de Puebla (PBC) garantiza que tu futuro compañero felino llegue con cero nivel de estrés."
http://dinastiamainecoon.com,venta,maine-coon-toluca,Maine Coon en Toluca,Gatos Maine Coon en Toluca. Ejemplares majestuosos con denso pelaje.,MXN,México,Aeropuerto Internacional de Toluca (TLC),"Aunque Toluca se caracteriza por el dinámico clima mexicano, el tupido y denso manto de un Maine Coon cuenta con propiedades termorreguladoras excepcionales. Su doble capa de pelo, heredada de los duros inviernos de Maine en Estados Unidos, le permite adaptarse perfectamente a la vida de interiores en tu hogar en México, ya sea con aire acondicionado o calefacción. Al llegar desde el Aeropuerto Internacional de Toluca (TLC), notarás inmediatamente su majestuosa presencia y su comportamiento afectuoso, parecido al de un perrito dorado, acompañándote a cada paso que des."
http://dinastiamainecoon.com,venta,maine-coon-tijuana,Maine Coon en Tijuana,Criadero Maine Coon en Tijuana. Gatos gigantes con envíos seguros en frontera.,MXN,México,Aeropuerto Internacional de Tijuana (TIJ),"Tener un Maine Coon en Tijuana es un privilegio visual y emocional para cualquier familia en México. Sus imponentes patas anchas, adornadas con mechones de pelo entre los dedos (conocidos como 'raquetas de nieve'), fueron diseñadas por la madre naturaleza para caminar sobre la nieve; sin embargo, en el dinámico clima mexicano resultan ser el gato doméstico más fascinante y dócil que puedas imaginar. Nuestro protocolo de envío asegurado a través del Aeropuerto Internacional de Tijuana (TIJ) garantiza que tu futuro compañero felino llegue con cero nivel de estrés."
http://dinastiamainecoon.com,venta,maine-coon-leon,Maine Coon en León,"Venta de Maine Coon en León, Gto. Gatos gigantes con certificado de pureza.",MXN,México,Aeropuerto Internacional del Bajío (BJX),"El tamaño XL de este gigante de corazón gentil sorprende a todos en León. A pesar de que el dinámico clima mexicano propicia dinámicas muy particulares en las mascotas, el Maine Coon prefiere la tranquilidad y comodidad del hogar. Su inteligencia desbordante le permite aprender a usar rascadores verticales y seguir rutinas diarias junto a tu familia en México. Una vez que lo recojas en el Aeropuerto Internacional del Bajío (BJX), te enamorarás instantáneamente de sus dulces gorjeos, los cuales usa en lugar del clásico maullido estridente."
http://dinastiamainecoon.com,venta,maine-coon-ciudad-juarez,Maine Coon en Ciudad Juárez,Maine Coon en Ciudad Juárez. Criadero con gatos gigantes de genética americana.,MXN,México,Aeropuerto Internacional Abraham González (CJS),"El tamaño XL de este gigante de corazón gentil sorprende a todos en Ciudad Juárez. A pesar de que el dinámico clima mexicano propicia dinámicas muy particulares en las mascotas, el Maine Coon prefiere la tranquilidad y comodidad del hogar. Su inteligencia desbordante le permite aprender a usar rascadores verticales y seguir rutinas diarias junto a tu familia en México. Una vez que lo recojas en el Aeropuerto Internacional Abraham González (CJS), te enamorarás instantáneamente de sus dulces gorjeos, los cuales usa en lugar del clásico maullido estridente."
http://dinastiamainecoon.com,venta,maine-coon-torreon,Maine Coon en Torreón,Venta de Maine Coon en Torreón. Gatos puros de criadero con envíos a la Laguna.,MXN,México,Aeropuerto Internacional de Torreón (TRC),"Tener un Maine Coon en Torreón es un privilegio visual y emocional para cualquier familia en México. Sus imponentes patas anchas, adornadas con mechones de pelo entre los dedos (conocidos como 'raquetas de nieve'), fueron diseñadas por la madre naturaleza para caminar sobre la nieve; sin embargo, en el dinámico clima mexicano resultan ser el gato doméstico más fascinante y dócil que puedas imaginar. Nuestro protocolo de envío asegurado a través del Aeropuerto Internacional de Torreón (TRC) garantiza que tu futuro compañero felino llegue con cero nivel de estrés."
http://dinastiamainecoon.com,venta,maine-coon-queretaro,Maine Coon en Querétaro,Criadero de Maine Coon en Querétaro. Gatos gigantes criados con amor y salud.,MXN,México,Aeropuerto Intercontinental de Querétaro (QRO),"El tamaño XL de este gigante de corazón gentil sorprende a todos en Querétaro. A pesar de que el dinámico clima mexicano propicia dinámicas muy particulares en las mascotas, el Maine Coon prefiere la tranquilidad y comodidad del hogar. Su inteligencia desbordante le permite aprender a usar rascadores verticales y seguir rutinas diarias junto a tu familia en México. Una vez que lo recojas en el Aeropuerto Intercontinental de Querétaro (QRO), te enamorarás instantáneamente de sus dulces gorjeos, los cuales usa en lugar del clásico maullido estridente."
http://dinastiamainecoon.com,venta,maine-coon-san-luis-potosi,Maine Coon en San Luis Potosí,Venta de Maine Coon en SLP. Gatos gigantes con pedigree internacional.,MXN,México,Aeropuerto Internacional de San Luis Potosí (SLP),"Tener un Maine Coon en San Luis Potosí es un privilegio visual y emocional para cualquier familia en México. Sus imponentes patas anchas, adornadas con mechones de pelo entre los dedos (conocidos como 'raquetas de nieve'), fueron diseñadas por la madre naturaleza para caminar sobre la nieve; sin embargo, en el dinámico clima mexicano resultan ser el gato doméstico más fascinante y dócil que puedas imaginar. Nuestro protocolo de envío asegurado a través del Aeropuerto Internacional de San Luis Potosí (SLP) garantiza que tu futuro compañero felino llegue con cero nivel de estrés."
http://dinastiamainecoon.com,venta,maine-coon-merida,Maine Coon en Mérida,Maine Coon en Mérida. Gatos gigantes adaptados a hogar con envíos a Yucatán.,MXN,México,Aeropuerto Internacional de Mérida (MID),"El tamaño XL de este gigante de corazón gentil sorprende a todos en Mérida. A pesar de que el dinámico clima mexicano propicia dinámicas muy particulares en las mascotas, el Maine Coon prefiere la tranquilidad y comodidad del hogar. Su inteligencia desbordante le permite aprender a usar rascadores verticales y seguir rutinas diarias junto a tu familia en México. Una vez que lo recojas en el Aeropuerto Internacional de Mérida (MID), te enamorarás instantáneamente de sus dulces gorjeos, los cuales usa en lugar del clásico maullido estridente."
http://dinastiamainecoon.com,venta,maine-coon-aguascalientes,Maine Coon en Aguascalientes,Criadero Maine Coon Aguascalientes. Gatos gigantes puros y saludables.,MXN,México,Aeropuerto Internacional de Aguascalientes (AGU),"El tamaño XL de este gigante de corazón gentil sorprende a todos en Aguascalientes. A pesar de que el dinámico clima mexicano propicia dinámicas muy particulares en las mascotas, el Maine Coon prefiere la tranquilidad y comodidad del hogar. Su inteligencia desbordante le permite aprender a usar rascadores verticales y seguir rutinas diarias junto a tu familia en México. Una vez que lo recojas en el Aeropuerto Internacional de Aguascalientes (AGU), te enamorarás instantáneamente de sus dulces gorjeos, los cuales usa en lugar del clásico maullido estridente."
http://dinastiamainecoon.com,venta,maine-coon-hermosillo,Maine Coon en Hermosillo,Venta de Maine Coon en Hermosillo. Gatos gigantes de excelente genética.,MXN,México,Aeropuerto Internacional General Ignacio Pesqueira García (HMO),"El tamaño XL de este gigante de corazón gentil sorprende a todos en Hermosillo. A pesar de que el dinámico clima mexicano propicia dinámicas muy particulares en las mascotas, el Maine Coon prefiere la tranquilidad y comodidad del hogar. Su inteligencia desbordante le permite aprender a usar rascadores verticales y seguir rutinas diarias junto a tu familia en México. Una vez que lo recojas en el Aeropuerto Internacional General Ignacio Pesqueira García (HMO), te enamorarás instantáneamente de sus dulces gorjeos, los cuales usa en lugar del clásico maullido estridente."
http://dinastiamainecoon.com,venta,maine-coon-saltillo,Maine Coon en Saltillo,Criadero Maine Coon Saltillo. Gatos gigantes puros disponibles hoy.,MXN,México,Aeropuerto Internacional de Saltillo (SLW),"Aunque Saltillo se caracteriza por el dinámico clima mexicano, el tupido y denso manto de un Maine Coon cuenta con propiedades termorreguladoras excepcionales. Su doble capa de pelo, heredada de los duros inviernos de Maine en Estados Unidos, le permite adaptarse perfectamente a la vida de interiores en tu hogar en México, ya sea con aire acondicionado o calefacción. Al llegar desde el Aeropuerto Internacional de Saltillo (SLW), notarás inmediatamente su majestuosa presencia y su comportamiento afectuoso, parecido al de un perrito dorado, acompañándote a cada paso que des."
http://dinastiamainecoon.com,venta,maine-coon-san-jose,Maine Coon en San José,"Venta de Maine Coon en San José, Costa Rica. Criadero de gatos gigantes puros.",CRC,Costa Rica,Aeropuerto Internacional Juan Santamaría (SJO),"Aunque San José se caracteriza por la calidez tropical de Costa Rica, el tupido y denso manto de un Maine Coon cuenta con propiedades termorreguladoras excepcionales. Su doble capa de pelo, heredada de los duros inviernos de Maine en Estados Unidos, le permite adaptarse perfectamente a la vida de interiores en tu hogar en Costa Rica, ya sea con aire acondicionado o calefacción. Al llegar desde el Aeropuerto Internacional Juan Santamaría (SJO), notarás inmediatamente su majestuosa presencia y su comportamiento afectuoso, parecido al de un perrito dorado, acompañándote a cada paso que des."
http://dinastiamainecoon.com,venta,maine-coon-alajuela,Maine Coon en Alajuela,Maine Coon en Alajuela. Gatitos gigantes con pedigree y salud garantizada.,CRC,Costa Rica,Aeropuerto Internacional Juan Santamaría (SJO),"El tamaño XL de este gigante de corazón gentil sorprende a todos en Alajuela. A pesar de que la calidez tropical de Costa Rica propicia dinámicas muy particulares en las mascotas, el Maine Coon prefiere la tranquilidad y comodidad del hogar. Su inteligencia desbordante le permite aprender a usar rascadores verticales y seguir rutinas diarias junto a tu familia en Costa Rica. Una vez que lo recojas en el Aeropuerto Internacional Juan Santamaría (SJO), te enamorarás instantáneamente de sus dulces gorjeos, los cuales usa en lugar del clásico maullido estridente."
http://dinastiamainecoon.com,venta,maine-coon-cartago,Maine Coon en Cartago,Criadero Maine Coon Cartago. Los gatos más grandes y bellos de la zona.,CRC,Costa Rica,Aeropuerto Internacional Juan Santamaría (SJO),"Tener un Maine Coon en Cartago es un privilegio visual y emocional para cualquier familia en Costa Rica. Sus imponentes patas anchas, adornadas con mechones de pelo entre los dedos (conocidos como 'raquetas de nieve'), fueron diseñadas por la madre naturaleza para caminar sobre la nieve; sin embargo, en la calidez tropical de Costa Rica resultan ser el gato doméstico más fascinante y dócil que puedas imaginar. Nuestro protocolo de envío asegurado a través del Aeropuerto Internacional Juan Santamaría (SJO) garantiza que tu futuro compañero felino llegue con cero nivel de estrés."
http://dinastiamainecoon.com,venta,maine-coon-heredia,Maine Coon en Heredia,Venta de Maine Coon en Heredia. Gatos gigantes criados en ambiente familiar.,CRC,Costa Rica,Aeropuerto Internacional Juan Santamaría (SJO),"Aunque Heredia se caracteriza por la calidez tropical de Costa Rica, el tupido y denso manto de un Maine Coon cuenta con propiedades termorreguladoras excepcionales. Su doble capa de pelo, heredada de los duros inviernos de Maine en Estados Unidos, le permite adaptarse perfectamente a la vida de interiores en tu hogar en Costa Rica, ya sea con aire acondicionado o calefacción. Al llegar desde el Aeropuerto Internacional Juan Santamaría (SJO), notarás inmediatamente su majestuosa presencia y su comportamiento afectuoso, parecido al de un perrito dorado, acompañándote a cada paso que des."
http://dinastiamainecoon.com,venta,maine-coon-puntarenas,Maine Coon en Puntarenas,Gatos Maine Coon en Puntarenas. Criadero con envíos seguros a la costa.,CRC,Costa Rica,Aeropuerto Internacional Juan Santamaría (SJO),"Tener un Maine Coon en Puntarenas es un privilegio visual y emocional para cualquier familia en Costa Rica. Sus imponentes patas anchas, adornadas con mechones de pelo entre los dedos (conocidos como 'raquetas de nieve'), fueron diseñadas por la madre naturaleza para caminar sobre la nieve; sin embargo, en la calidez tropical de Costa Rica resultan ser el gato doméstico más fascinante y dócil que puedas imaginar. Nuestro protocolo de envío asegurado a través del Aeropuerto Internacional Juan Santamaría (SJO) garantiza que tu futuro compañero felino llegue con cero nivel de estrés."
http://dinastiamainecoon.com,venta,maine-coon-san-salvador,Maine Coon en San Salvador,Venta de Maine Coon en San Salvador. Gatos gigantes puros y dóciles.,USD,El Salvador,Aeropuerto Internacional de El Salvador (SAL),"Aunque San Salvador se caracteriza por el agradable ambiente salvadoreño, el tupido y denso manto de un Maine Coon cuenta con propiedades termorreguladoras excepcionales. Su doble capa de pelo, heredada de los duros inviernos de Maine en Estados Unidos, le permite adaptarse perfectamente a la vida de interiores en tu hogar en El Salvador, ya sea con aire acondicionado o calefacción. Al llegar desde el Aeropuerto Internacional de El Salvador (SAL), notarás inmediatamente su majestuosa presencia y su comportamiento afectuoso, parecido al de un perrito dorado, acompañándote a cada paso que des."
http://dinastiamainecoon.com,venta,maine-coon-santa-ana,Maine Coon en Santa Ana,Criadero Maine Coon Santa Ana. Gatos gigantes de excelente calidad.,USD,El Salvador,Aeropuerto Internacional de El Salvador (SAL),"El tamaño XL de este gigante de corazón gentil sorprende a todos en Santa Ana. A pesar de que el agradable ambiente salvadoreño propicia dinámicas muy particulares en las mascotas, el Maine Coon prefiere la tranquilidad y comodidad del hogar. Su inteligencia desbordante le permite aprender a usar rascadores verticales y seguir rutinas diarias junto a tu familia en El Salvador. Una vez que lo recojas en el Aeropuerto Internacional de El Salvador (SAL), te enamorarás instantáneamente de sus dulces gorjeos, los cuales usa en lugar del clásico maullido estridente."
http://dinastiamainecoon.com,venta,maine-coon-san-miguel,Maine Coon en San Miguel,"Maine Coon en San Miguel, El Salvador. Gatos gigantes para familias.",USD,El Salvador,Aeropuerto Internacional de El Salvador (SAL),"El tamaño XL de este gigante de corazón gentil sorprende a todos en San Miguel. A pesar de que el agradable ambiente salvadoreño propicia dinámicas muy particulares en las mascotas, el Maine Coon prefiere la tranquilidad y comodidad del hogar. Su inteligencia desbordante le permite aprender a usar rascadores verticales y seguir rutinas diarias junto a tu familia en El Salvador. Una vez que lo recojas en el Aeropuerto Internacional de El Salvador (SAL), te enamorarás instantáneamente de sus dulces gorjeos, los cuales usa en lugar del clásico maullido estridente."
http://dinastiamainecoon.com,venta,maine-coon-soyapango,Maine Coon en Soyapango,Venta de Maine Coon en Soyapango. Gatos puros de criadero certificado.,USD,El Salvador,Aeropuerto Internacional de El Salvador (SAL),"Tener un Maine Coon en Soyapango es un privilegio visual y emocional para cualquier familia en El Salvador. Sus imponentes patas anchas, adornadas con mechones de pelo entre los dedos (conocidos como 'raquetas de nieve'), fueron diseñadas por la madre naturaleza para caminar sobre la nieve; sin embargo, en el agradable ambiente salvadoreño resultan ser el gato doméstico más fascinante y dócil que puedas imaginar. Nuestro protocolo de envío asegurado a través del Aeropuerto Internacional de El Salvador (SAL) garantiza que tu futuro compañero felino llegue con cero nivel de estrés."
http://dinastiamainecoon.com,venta,maine-coon-santa-tecla,Maine Coon en Santa Tecla,Maine Coon en Santa Tecla. Los gatos gigantes más dóciles y bellos.,USD,El Salvador,Aeropuerto Internacional de El Salvador (SAL),"Tener un Maine Coon en Santa Tecla es un privilegio visual y emocional para cualquier familia en El Salvador. Sus imponentes patas anchas, adornadas con mechones de pelo entre los dedos (conocidos como 'raquetas de nieve'), fueron diseñadas por la madre naturaleza para caminar sobre la nieve; sin embargo, en el agradable ambiente salvadoreño resultan ser el gato doméstico más fascinante y dócil que puedas imaginar. Nuestro protocolo de envío asegurado a través del Aeropuerto Internacional de El Salvador (SAL) garantiza que tu futuro compañero felino llegue con cero nivel de estrés."
http://dinastiamainecoon.com,venta,maine-coon-ciudad-de-guatemala,Maine Coon en Ciudad de Guatemala,Venta de Maine Coon en Guatemala. Criadero con ejemplares gigantes puros.,GTQ,Guatemala,Aeropuerto Internacional La Aurora (GUA),"Tener un Maine Coon en Ciudad de Guatemala es un privilegio visual y emocional para cualquier familia en Guatemala. Sus imponentes patas anchas, adornadas con mechones de pelo entre los dedos (conocidos como 'raquetas de nieve'), fueron diseñadas por la madre naturaleza para caminar sobre la nieve; sin embargo, en las tierras de la eterna primavera en Guatemala resultan ser el gato doméstico más fascinante y dócil que puedas imaginar. Nuestro protocolo de envío asegurado a través del Aeropuerto Internacional La Aurora (GUA) garantiza que tu futuro compañero felino llegue con cero nivel de estrés."
http://dinastiamainecoon.com,venta,maine-coon-mixco,Maine Coon en Mixco,Criadero Maine Coon Mixco. Gatos gigantes hermosos con pedigree.,GTQ,Guatemala,Aeropuerto Internacional La Aurora (GUA),"Aunque Mixco se caracteriza por las tierras de la eterna primavera en Guatemala, el tupido y denso manto de un Maine Coon cuenta con propiedades termorreguladoras excepcionales. Su doble capa de pelo, heredada de los duros inviernos de Maine en Estados Unidos, le permite adaptarse perfectamente a la vida de interiores en tu hogar en Guatemala, ya sea con aire acondicionado o calefacción. Al llegar desde el Aeropuerto Internacional La Aurora (GUA), notarás inmediatamente su majestuosa presencia y su comportamiento afectuoso, parecido al de un perrito dorado, acompañándote a cada paso que des."
http://dinastiamainecoon.com,venta,maine-coon-villa-nueva,Maine Coon en Villa Nueva,Venta de Maine Coon en Villa Nueva. Gatos gigantes criados con amor.,GTQ,Guatemala,Aeropuerto Internacional La Aurora (GUA),"El tamaño XL de este gigante de corazón gentil sorprende a todos en Villa Nueva. A pesar de que las tierras de la eterna primavera en Guatemala propicia dinámicas muy particulares en las mascotas, el Maine Coon prefiere la tranquilidad y comodidad del hogar. Su inteligencia desbordante le permite aprender a usar rascadores verticales y seguir rutinas diarias junto a tu familia en Guatemala. Una vez que lo recojas en el Aeropuerto Internacional La Aurora (GUA), te enamorarás instantáneamente de sus dulces gorjeos, los cuales usa en lugar del clásico maullido estridente."
http://dinastiamainecoon.com,venta,maine-coon-quetzaltenango,Maine Coon en Quetzaltenango,Maine Coon en Quetzaltenango (Xela). Criadero de gatos gigantes.,GTQ,Guatemala,Aeropuerto Internacional de Quetzaltenango (AAZ),"El tamaño XL de este gigante de corazón gentil sorprende a todos en Quetzaltenango. A pesar de que las tierras de la eterna primavera en Guatemala propicia dinámicas muy particulares en las mascotas, el Maine Coon prefiere la tranquilidad y comodidad del hogar. Su inteligencia desbordante le permite aprender a usar rascadores verticales y seguir rutinas diarias junto a tu familia en Guatemala. Una vez que lo recojas en el Aeropuerto Internacional de Quetzaltenango (AAZ), te enamorarás instantáneamente de sus dulces gorjeos, los cuales usa en lugar del clásico maullido estridente."
http://dinastiamainecoon.com,venta,maine-coon-antigua-guatemala,Maine Coon en Antigua,Venta de Maine Coon en Antigua Guatemala. Gatos puros y saludables.,GTQ,Guatemala,Aeropuerto Internacional La Aurora (GUA),"Aunque Antigua se caracteriza por las tierras de la eterna primavera en Guatemala, el tupido y denso manto de un Maine Coon cuenta con propiedades termorreguladoras excepcionales. Su doble capa de pelo, heredada de los duros inviernos de Maine en Estados Unidos, le permite adaptarse perfectamente a la vida de interiores en tu hogar en Guatemala, ya sea con aire acondicionado o calefacción. Al llegar desde el Aeropuerto Internacional La Aurora (GUA), notarás inmediatamente su majestuosa presencia y su comportamiento afectuoso, parecido al de un perrito dorado, acompañándote a cada paso que des."
http://dinastiamainecoon.com,venta,maine-coon-tegucigalpa,Maine Coon en Tegucigalpa,Venta de Maine Coon en Tegucigalpa. Gatos gigantes imponentes y sanos.,HNL,Honduras,Aeropuerto Internacional Toncontín (TGU),"El tamaño XL de este gigante de corazón gentil sorprende a todos en Tegucigalpa. A pesar de que los hermosos paisajes hondureños propicia dinámicas muy particulares en las mascotas, el Maine Coon prefiere la tranquilidad y comodidad del hogar. Su inteligencia desbordante le permite aprender a usar rascadores verticales y seguir rutinas diarias junto a tu familia en Honduras. Una vez que lo recojas en el Aeropuerto Internacional Toncontín (TGU), te enamorarás instantáneamente de sus dulces gorjeos, los cuales usa en lugar del clásico maullido estridente."
http://dinastiamainecoon.com,venta,maine-coon-san-pedro-sula,Maine Coon en San Pedro Sula,Criadero Maine Coon San Pedro Sula. Gatos gigantes de raza pura.,HNL,Honduras,Aeropuerto Internacional Ramón Villeda Morales (SAP),"El tamaño XL de este gigante de corazón gentil sorprende a todos en San Pedro Sula. A pesar de que los hermosos paisajes hondureños propicia dinámicas muy particulares en las mascotas, el Maine Coon prefiere la tranquilidad y comodidad del hogar. Su inteligencia desbordante le permite aprender a usar rascadores verticales y seguir rutinas diarias junto a tu familia en Honduras. Una vez que lo recojas en el Aeropuerto Internacional Ramón Villeda Morales (SAP), te enamorarás instantáneamente de sus dulces gorjeos, los cuales usa en lugar del clásico maullido estridente."
http://dinastiamainecoon.com,venta,maine-coon-choloma,Maine Coon en Choloma,Venta de Maine Coon en Choloma. Gatos gigantes criados éticamente.,HNL,Honduras,Aeropuerto Internacional Ramón Villeda Morales (SAP),"Tener un Maine Coon en Choloma es un privilegio visual y emocional para cualquier familia en Honduras. Sus imponentes patas anchas, adornadas con mechones de pelo entre los dedos (conocidos como 'raquetas de nieve'), fueron diseñadas por la madre naturaleza para caminar sobre la nieve; sin embargo, en los hermosos paisajes hondureños resultan ser el gato doméstico más fascinante y dócil que puedas imaginar. Nuestro protocolo de envío asegurado a través del Aeropuerto Internacional Ramón Villeda Morales (SAP) garantiza que tu futuro compañero felino llegue con cero nivel de estrés."
http://dinastiamainecoon.com,venta,maine-coon-la-ceiba,Maine Coon en La Ceiba,Maine Coon en La Ceiba. Los mejores gatos gigantes de Honduras.,HNL,Honduras,Aeropuerto Internacional Golosón (LCE),"Aunque La Ceiba se caracteriza por los hermosos paisajes hondureños, el tupido y denso manto de un Maine Coon cuenta con propiedades termorreguladoras excepcionales. Su doble capa de pelo, heredada de los duros inviernos de Maine en Estados Unidos, le permite adaptarse perfectamente a la vida de interiores en tu hogar en Honduras, ya sea con aire acondicionado o calefacción. Al llegar desde el Aeropuerto Internacional Golosón (LCE), notarás inmediatamente su majestuosa presencia y su comportamiento afectuoso, parecido al de un perrito dorado, acompañándote a cada paso que des."
http://dinastiamainecoon.com,venta,maine-coon-el-progreso,Maine Coon en El Progreso,Criadero Maine Coon El Progreso. Gatos gigantes sanos y dóciles.,HNL,Honduras,Aeropuerto Internacional Ramón Villeda Morales (SAP),"Aunque El Progreso se caracteriza por los hermosos paisajes hondureños, el tupido y denso manto de un Maine Coon cuenta con propiedades termorreguladoras excepcionales. Su doble capa de pelo, heredada de los duros inviernos de Maine en Estados Unidos, le permite adaptarse perfectamente a la vida de interiores en tu hogar en Honduras, ya sea con aire acondicionado o calefacción. Al llegar desde el Aeropuerto Internacional Ramón Villeda Morales (SAP), notarás inmediatamente su majestuosa presencia y su comportamiento afectuoso, parecido al de un perrito dorado, acompañándote a cada paso que des."
http://dinastiamainecoon.com,venta,maine-coon-managua,Maine Coon en Managua,Venta de Maine Coon en Managua. Criadero con gatos gigantes certificados.,NIO,Nicaragua,Aeropuerto Internacional Augusto C. Sandino (MGA),"El tamaño XL de este gigante de corazón gentil sorprende a todos en Managua. A pesar de que los soleados días en Nicaragua propicia dinámicas muy particulares en las mascotas, el Maine Coon prefiere la tranquilidad y comodidad del hogar. Su inteligencia desbordante le permite aprender a usar rascadores verticales y seguir rutinas diarias junto a tu familia en Nicaragua. Una vez que lo recojas en el Aeropuerto Internacional Augusto C. Sandino (MGA), te enamorarás instantáneamente de sus dulces gorjeos, los cuales usa en lugar del clásico maullido estridente."
http://dinastiamainecoon.com,venta,maine-coon-leon-ni,Maine Coon en León (NI),"Maine Coon en León, Nicaragua. Gatos gigantes de pura raza.",NIO,Nicaragua,Aeropuerto Internacional Augusto C. Sandino (MGA),"Aunque León (NI) se caracteriza por los soleados días en Nicaragua, el tupido y denso manto de un Maine Coon cuenta con propiedades termorreguladoras excepcionales. Su doble capa de pelo, heredada de los duros inviernos de Maine en Estados Unidos, le permite adaptarse perfectamente a la vida de interiores en tu hogar en Nicaragua, ya sea con aire acondicionado o calefacción. Al llegar desde el Aeropuerto Internacional Augusto C. Sandino (MGA), notarás inmediatamente su majestuosa presencia y su comportamiento afectuoso, parecido al de un perrito dorado, acompañándote a cada paso que des."
http://dinastiamainecoon.com,venta,maine-coon-masaya,Maine Coon en Masaya,Criadero Maine Coon Masaya. Gatos gigantes criados en familia.,NIO,Nicaragua,Aeropuerto Internacional Augusto C. Sandino (MGA),"El tamaño XL de este gigante de corazón gentil sorprende a todos en Masaya. A pesar de que los soleados días en Nicaragua propicia dinámicas muy particulares en las mascotas, el Maine Coon prefiere la tranquilidad y comodidad del hogar. Su inteligencia desbordante le permite aprender a usar rascadores verticales y seguir rutinas diarias junto a tu familia en Nicaragua. Una vez que lo recojas en el Aeropuerto Internacional Augusto C. Sandino (MGA), te enamorarás instantáneamente de sus dulces gorjeos, los cuales usa en lugar del clásico maullido estridente."
http://dinastiamainecoon.com,venta,maine-coon-chinandega,Maine Coon en Chinandega,Venta de Maine Coon en Chinandega. Gatos gigantes sanos y bellos.,NIO,Nicaragua,Aeropuerto Internacional Augusto C. Sandino (MGA),"El tamaño XL de este gigante de corazón gentil sorprende a todos en Chinandega. A pesar de que los soleados días en Nicaragua propicia dinámicas muy particulares en las mascotas, el Maine Coon prefiere la tranquilidad y comodidad del hogar. Su inteligencia desbordante le permite aprender a usar rascadores verticales y seguir rutinas diarias junto a tu familia en Nicaragua. Una vez que lo recojas en el Aeropuerto Internacional Augusto C. Sandino (MGA), te enamorarás instantáneamente de sus dulces gorjeos, los cuales usa en lugar del clásico maullido estridente."
http://dinastiamainecoon.com,venta,maine-coon-granada,Maine Coon en Granada,"Maine Coon en Granada, Nicaragua. Los gatos más imponentes.",NIO,Nicaragua,Aeropuerto Internacional Augusto C. Sandino (MGA),"Tener un Maine Coon en Granada es un privilegio visual y emocional para cualquier familia en Nicaragua. Sus imponentes patas anchas, adornadas con mechones de pelo entre los dedos (conocidos como 'raquetas de nieve'), fueron diseñadas por la madre naturaleza para caminar sobre la nieve; sin embargo, en los soleados días en Nicaragua resultan ser el gato doméstico más fascinante y dócil que puedas imaginar. Nuestro protocolo de envío asegurado a través del Aeropuerto Internacional Augusto C. Sandino (MGA) garantiza que tu futuro compañero felino llegue con cero nivel de estrés."
http://dinastiamainecoon.com,venta,maine-coon-panama,Maine Coon en Ciudad de Panamá,Venta de Maine Coon en Panamá. Criadero con gatos gigantes de lujo.,USD,Panamá,Aeropuerto Internacional de Tocumen (PTY),"Tener un Maine Coon en Ciudad de Panamá es un privilegio visual y emocional para cualquier familia en Panamá. Sus imponentes patas anchas, adornadas con mechones de pelo entre los dedos (conocidos como 'raquetas de nieve'), fueron diseñadas por la madre naturaleza para caminar sobre la nieve; sin embargo, en la briza marítima panameña resultan ser el gato doméstico más fascinante y dócil que puedas imaginar. Nuestro protocolo de envío asegurado a través del Aeropuerto Internacional de Tocumen (PTY) garantiza que tu futuro compañero felino llegue con cero nivel de estrés."
http://dinastiamainecoon.com,venta,maine-coon-colon,Maine Coon en Colón,Criadero Maine Coon Colón. Gatos gigantes puros con envíos seguros.,USD,Panamá,Aeropuerto Internacional Enrique Adolfo Jiménez (ONX),"El tamaño XL de este gigante de corazón gentil sorprende a todos en Colón. A pesar de que la briza marítima panameña propicia dinámicas muy particulares en las mascotas, el Maine Coon prefiere la tranquilidad y comodidad del hogar. Su inteligencia desbordante le permite aprender a usar rascadores verticales y seguir rutinas diarias junto a tu familia en Panamá. Una vez que lo recojas en el Aeropuerto Internacional Enrique Adolfo Jiménez (ONX), te enamorarás instantáneamente de sus dulces gorjeos, los cuales usa en lugar del clásico maullido estridente."
http://dinastiamainecoon.com,venta,maine-coon-david,Maine Coon en David,"Venta de Maine Coon en David, Chiriquí. Gatos gigantes y saludables.",USD,Panamá,Aeropuerto Internacional Enrique Malek (DAV),"Tener un Maine Coon en David es un privilegio visual y emocional para cualquier familia en Panamá. Sus imponentes patas anchas, adornadas con mechones de pelo entre los dedos (conocidos como 'raquetas de nieve'), fueron diseñadas por la madre naturaleza para caminar sobre la nieve; sin embargo, en la briza marítima panameña resultan ser el gato doméstico más fascinante y dócil que puedas imaginar. Nuestro protocolo de envío asegurado a través del Aeropuerto Internacional Enrique Malek (DAV) garantiza que tu futuro compañero felino llegue con cero nivel de estrés."
http://dinastiamainecoon.com,venta,maine-coon-san-miguelito,Maine Coon en San Miguelito,Maine Coon en San Miguelito. Los gatos gigantes más grandes de Panamá.,USD,Panamá,Aeropuerto Internacional de Tocumen (PTY),"Tener un Maine Coon en San Miguelito es un privilegio visual y emocional para cualquier familia en Panamá. Sus imponentes patas anchas, adornadas con mechones de pelo entre los dedos (conocidos como 'raquetas de nieve'), fueron diseñadas por la madre naturaleza para caminar sobre la nieve; sin embargo, en la briza marítima panameña resultan ser el gato doméstico más fascinante y dócil que puedas imaginar. Nuestro protocolo de envío asegurado a través del Aeropuerto Internacional de Tocumen (PTY) garantiza que tu futuro compañero felino llegue con cero nivel de estrés."
http://dinastiamainecoon.com,venta,maine-coon-la-chorrera,Maine Coon en La Chorrera,Criadero Maine Coon La Chorrera. Gatos gigantes puros y dóciles.,USD,Panamá,Aeropuerto Internacional Panamá Pacífico (BLB),"El tamaño XL de este gigante de corazón gentil sorprende a todos en La Chorrera. A pesar de que la briza marítima panameña propicia dinámicas muy particulares en las mascotas, el Maine Coon prefiere la tranquilidad y comodidad del hogar. Su inteligencia desbordante le permite aprender a usar rascadores verticales y seguir rutinas diarias junto a tu familia en Panamá. Una vez que lo recojas en el Aeropuerto Internacional Panamá Pacífico (BLB), te enamorarás instantáneamente de sus dulces gorjeos, los cuales usa en lugar del clásico maullido estridente."
http://dinastiamainecoon.com,venta,maine-coon-santo-domingo,Maine Coon en Santo Domingo,Venta de Maine Coon en Santo Domingo. Criadero de gatos gigantes puros.,DOP,República Dominicana,Aeropuerto Internacional Las Américas (SDQ),"El tamaño XL de este gigante de corazón gentil sorprende a todos en Santo Domingo. A pesar de que el paraíso caribeño dominicano propicia dinámicas muy particulares en las mascotas, el Maine Coon prefiere la tranquilidad y comodidad del hogar. Su inteligencia desbordante le permite aprender a usar rascadores verticales y seguir rutinas diarias junto a tu familia en República Dominicana. Una vez que lo recojas en el Aeropuerto Internacional Las Américas (SDQ), te enamorarás instantáneamente de sus dulces gorjeos, los cuales usa en lugar del clásico maullido estridente."
http://dinastiamainecoon.com,venta,maine-coon-santiago-rd,Maine Coon en Santiago (RD),Maine Coon en Santiago de los Caballeros. Gatos gigantes con pedigree.,DOP,República Dominicana,Aeropuerto Internacional del Cibao (STI),"Tener un Maine Coon en Santiago (RD) es un privilegio visual y emocional para cualquier familia en República Dominicana. Sus imponentes patas anchas, adornadas con mechones de pelo entre los dedos (conocidos como 'raquetas de nieve'), fueron diseñadas por la madre naturaleza para caminar sobre la nieve; sin embargo, en el paraíso caribeño dominicano resultan ser el gato doméstico más fascinante y dócil que puedas imaginar. Nuestro protocolo de envío asegurado a través del Aeropuerto Internacional del Cibao (STI) garantiza que tu futuro compañero felino llegue con cero nivel de estrés."
http://dinastiamainecoon.com,venta,maine-coon-la-romana,Maine Coon en La Romana,Venta de Maine Coon en La Romana. Gatos gigantes sanos de raza pura.,DOP,República Dominicana,Aeropuerto Internacional de La Romana (LRM),"Tener un Maine Coon en La Romana es un privilegio visual y emocional para cualquier familia en República Dominicana. Sus imponentes patas anchas, adornadas con mechones de pelo entre los dedos (conocidos como 'raquetas de nieve'), fueron diseñadas por la madre naturaleza para caminar sobre la nieve; sin embargo, en el paraíso caribeño dominicano resultan ser el gato doméstico más fascinante y dócil que puedas imaginar. Nuestro protocolo de envío asegurado a través del Aeropuerto Internacional de La Romana (LRM) garantiza que tu futuro compañero felino llegue con cero nivel de estrés."
http://dinastiamainecoon.com,venta,maine-coon-san-pedro-macoris,Maine Coon en San Pedro de Macorís,Criadero Maine Coon SPM. Gatos gigantes de alta genética.,DOP,República Dominicana,Aeropuerto Internacional Las Américas (SDQ),"El tamaño XL de este gigante de corazón gentil sorprende a todos en San Pedro de Macorís. A pesar de que el paraíso caribeño dominicano propicia dinámicas muy particulares en las mascotas, el Maine Coon prefiere la tranquilidad y comodidad del hogar. Su inteligencia desbordante le permite aprender a usar rascadores verticales y seguir rutinas diarias junto a tu familia en República Dominicana. Una vez que lo recojas en el Aeropuerto Internacional Las Américas (SDQ), te enamorarás instantáneamente de sus dulces gorjeos, los cuales usa en lugar del clásico maullido estridente."
http://dinastiamainecoon.com,venta,maine-coon-punta-cana,Maine Coon en Punta Cana,Venta de Maine Coon en Punta Cana. Los gatos gigantes más exclusivos.,DOP,República Dominicana,Aeropuerto Internacional de Punta Cana (PUJ),"Tener un Maine Coon en Punta Cana es un privilegio visual y emocional para cualquier familia en República Dominicana. Sus imponentes patas anchas, adornadas con mechones de pelo entre los dedos (conocidos como 'raquetas de nieve'), fueron diseñadas por la madre naturaleza para caminar sobre la nieve; sin embargo, en el paraíso caribeño dominicano resultan ser el gato doméstico más fascinante y dócil que puedas imaginar. Nuestro protocolo de envío asegurado a través del Aeropuerto Internacional de Punta Cana (PUJ) garantiza que tu futuro compañero felino llegue con cero nivel de estrés."
http://dinastiamainecoon.com,venta,maine-coon-buenos-aires,Maine Coon en Buenos Aires,Venta de Maine Coon en Buenos Aires. Criadero con gatos gigantes puros.,ARS,Argentina,Aeropuerto Internacional Ministro Pistarini (EZE),"Tener un Maine Coon en Buenos Aires es un privilegio visual y emocional para cualquier familia en Argentina. Sus imponentes patas anchas, adornadas con mechones de pelo entre los dedos (conocidos como 'raquetas de nieve'), fueron diseñadas por la madre naturaleza para caminar sobre la nieve; sin embargo, en las distintas estaciones argentinas resultan ser el gato doméstico más fascinante y dócil que puedas imaginar. Nuestro protocolo de envío asegurado a través del Aeropuerto Internacional Ministro Pistarini (EZE) garantiza que tu futuro compañero felino llegue con cero nivel de estrés."
http://dinastiamainecoon.com,venta,maine-coon-cordoba,Maine Coon en Córdoba,Criadero Maine Coon Córdoba. Gatos gigantes imponentes con pedigree.,ARS,Argentina,Aeropuerto Internacional Ingeniero Aeronáutico Ambrosio Taravella (COR),"Aunque Córdoba se caracteriza por las distintas estaciones argentinas, el tupido y denso manto de un Maine Coon cuenta con propiedades termorreguladoras excepcionales. Su doble capa de pelo, heredada de los duros inviernos de Maine en Estados Unidos, le permite adaptarse perfectamente a la vida de interiores en tu hogar en Argentina, ya sea con aire acondicionado o calefacción. Al llegar desde el Aeropuerto Internacional Ingeniero Aeronáutico Ambrosio Taravella (COR), notarás inmediatamente su majestuosa presencia y su comportamiento afectuoso, parecido al de un perrito dorado, acompañándote a cada paso que des."
http://dinastiamainecoon.com,venta,maine-coon-rosario,Maine Coon en Rosario,Maine Coon en Rosario. Gatos gigantes criados en ambiente responsable.,ARS,Argentina,Aeropuerto Internacional Rosario Islas Malvinas (ROS),"Tener un Maine Coon en Rosario es un privilegio visual y emocional para cualquier familia en Argentina. Sus imponentes patas anchas, adornadas con mechones de pelo entre los dedos (conocidos como 'raquetas de nieve'), fueron diseñadas por la madre naturaleza para caminar sobre la nieve; sin embargo, en las distintas estaciones argentinas resultan ser el gato doméstico más fascinante y dócil que puedas imaginar. Nuestro protocolo de envío asegurado a través del Aeropuerto Internacional Rosario Islas Malvinas (ROS) garantiza que tu futuro compañero felino llegue con cero nivel de estrés."
http://dinastiamainecoon.com,venta,maine-coon-mendoza,Maine Coon en Mendoza,Venta de Maine Coon en Mendoza. Gatos gigantes sanos de raza pura.,ARS,Argentina,Aeropuerto Internacional El Plumerillo (MDZ),"Tener un Maine Coon en Mendoza es un privilegio visual y emocional para cualquier familia en Argentina. Sus imponentes patas anchas, adornadas con mechones de pelo entre los dedos (conocidos como 'raquetas de nieve'), fueron diseñadas por la madre naturaleza para caminar sobre la nieve; sin embargo, en las distintas estaciones argentinas resultan ser el gato doméstico más fascinante y dócil que puedas imaginar. Nuestro protocolo de envío asegurado a través del Aeropuerto Internacional El Plumerillo (MDZ) garantiza que tu futuro compañero felino llegue con cero nivel de estrés."
http://dinastiamainecoon.com,venta,maine-coon-la-plata,Maine Coon en La Plata,Criadero Maine Coon La Plata. Gatos gigantes bellos y dóciles.,ARS,Argentina,Aeropuerto Internacional de La Plata (LPG),"Aunque La Plata se caracteriza por las distintas estaciones argentinas, el tupido y denso manto de un Maine Coon cuenta con propiedades termorreguladoras excepcionales. Su doble capa de pelo, heredada de los duros inviernos de Maine en Estados Unidos, le permite adaptarse perfectamente a la vida de interiores en tu hogar en Argentina, ya sea con aire acondicionado o calefacción. Al llegar desde el Aeropuerto Internacional de La Plata (LPG), notarás inmediatamente su majestuosa presencia y su comportamiento afectuoso, parecido al de un perrito dorado, acompañándote a cada paso que des."
http://dinastiamainecoon.com,venta,maine-coon-la-paz,Maine Coon en La Paz,Venta de Maine Coon en La Paz. Gatos gigantes con denso pelaje.,BOB,Bolivia,Aeropuerto Internacional El Alto (LPB),"Tener un Maine Coon en La Paz es un privilegio visual y emocional para cualquier familia en Bolivia. Sus imponentes patas anchas, adornadas con mechones de pelo entre los dedos (conocidos como 'raquetas de nieve'), fueron diseñadas por la madre naturaleza para caminar sobre la nieve; sin embargo, en la espectacular altitud boliviana resultan ser el gato doméstico más fascinante y dócil que puedas imaginar. Nuestro protocolo de envío asegurado a través del Aeropuerto Internacional El Alto (LPB) garantiza que tu futuro compañero felino llegue con cero nivel de estrés."
http://dinastiamainecoon.com,venta,maine-coon-santa-cruz,Maine Coon en Santa Cruz,Criadero Maine Coon Santa Cruz. Gatos gigantes de gran tamaño.,BOB,Bolivia,Aeropuerto Internacional Viru Viru (VVI),"Aunque Santa Cruz se caracteriza por la espectacular altitud boliviana, el tupido y denso manto de un Maine Coon cuenta con propiedades termorreguladoras excepcionales. Su doble capa de pelo, heredada de los duros inviernos de Maine en Estados Unidos, le permite adaptarse perfectamente a la vida de interiores en tu hogar en Bolivia, ya sea con aire acondicionado o calefacción. Al llegar desde el Aeropuerto Internacional Viru Viru (VVI), notarás inmediatamente su majestuosa presencia y su comportamiento afectuoso, parecido al de un perrito dorado, acompañándote a cada paso que des."
http://dinastiamainecoon.com,venta,maine-coon-cochabamba,Maine Coon en Cochabamba,Maine Coon en Cochabamba. Los mejores gatos gigantes de Bolivia.,BOB,Bolivia,Aeropuerto Internacional Jorge Wilstermann (CBB),"Aunque Cochabamba se caracteriza por la espectacular altitud boliviana, el tupido y denso manto de un Maine Coon cuenta con propiedades termorreguladoras excepcionales. Su doble capa de pelo, heredada de los duros inviernos de Maine en Estados Unidos, le permite adaptarse perfectamente a la vida de interiores en tu hogar en Bolivia, ya sea con aire acondicionado o calefacción. Al llegar desde el Aeropuerto Internacional Jorge Wilstermann (CBB), notarás inmediatamente su majestuosa presencia y su comportamiento afectuoso, parecido al de un perrito dorado, acompañándote a cada paso que des."
http://dinastiamainecoon.com,venta,maine-coon-sucre,Maine Coon en Sucre,Venta de Maine Coon en Sucre. Gatos puros de criadero certificado.,BOB,Bolivia,Aeropuerto Internacional de Alcantarí (ALC),"Aunque Sucre se caracteriza por la espectacular altitud boliviana, el tupido y denso manto de un Maine Coon cuenta con propiedades termorreguladoras excepcionales. Su doble capa de pelo, heredada de los duros inviernos de Maine en Estados Unidos, le permite adaptarse perfectamente a la vida de interiores en tu hogar en Bolivia, ya sea con aire acondicionado o calefacción. Al llegar desde el Aeropuerto Internacional de Alcantarí (ALC), notarás inmediatamente su majestuosa presencia y su comportamiento afectuoso, parecido al de un perrito dorado, acompañándote a cada paso que des."
http://dinastiamainecoon.com,venta,maine-coon-el-alto,Maine Coon en El Alto,Criadero Maine Coon El Alto. Gatos gigantes imponentes y sanos.,BOB,Bolivia,Aeropuerto Internacional El Alto (LPB),"Aunque El Alto se caracteriza por la espectacular altitud boliviana, el tupido y denso manto de un Maine Coon cuenta con propiedades termorreguladoras excepcionales. Su doble capa de pelo, heredada de los duros inviernos de Maine en Estados Unidos, le permite adaptarse perfectamente a la vida de interiores en tu hogar en Bolivia, ya sea con aire acondicionado o calefacción. Al llegar desde el Aeropuerto Internacional El Alto (LPB), notarás inmediatamente su majestuosa presencia y su comportamiento afectuoso, parecido al de un perrito dorado, acompañándote a cada paso que des."
http://dinastiamainecoon.com,venta,maine-coon-sao-paulo,Maine Coon en São Paulo,Venta de Maine Coon em São Paulo. Gatos gigantes puros e dóceis.,BRL,Brasil,Aeroporto Internacional de Guarulhos (GRU),"El tamaño XL de este gigante de corazón gentil sorprende a todos en São Paulo. A pesar de que la inmensidad territorial de Brasil propicia dinámicas muy particulares en las mascotas, el Maine Coon prefiere la tranquilidad y comodidad del hogar. Su inteligencia desbordante le permite aprender a usar rascadores verticales y seguir rutinas diarias junto a tu familia en Brasil. Una vez que lo recojas en el Aeroporto Internacional de Guarulhos (GRU), te enamorarás instantáneamente de sus dulces gorjeos, los cuales usa en lugar del clásico maullido estridente."
http://dinastiamainecoon.com,venta,maine-coon-rio-de-janeiro,Maine Coon no Rio de Janeiro,Venda de Maine Coon no Rio de Janeiro. Criadouro de gatos gigantes.,BRL,Brasil,Aeroporto Internacional do Galeão (GIG),"Aunque Maine Coon no Rio de Janeiro se caracteriza por la inmensidad territorial de Brasil, el tupido y denso manto de un Maine Coon cuenta con propiedades termorreguladoras excepcionales. Su doble capa de pelo, heredada de los duros inviernos de Maine en Estados Unidos, le permite adaptarse perfectamente a la vida de interiores en tu hogar en Brasil, ya sea con aire acondicionado o calefacción. Al llegar desde el Aeroporto Internacional do Galeão (GIG), notarás inmediatamente su majestuosa presencia y su comportamiento afectuoso, parecido al de un perrito dorado, acompañándote a cada paso que des."
http://dinastiamainecoon.com,venta,maine-coon-brasilia,Maine Coon em Brasília,Maine Coon em Brasília. Gatos gigantes com pedigree de raça pura.,BRL,Brasil,Aeroporto Internacional de Brasília (BSB),"Aunque Maine Coon em Brasília se caracteriza por la inmensidad territorial de Brasil, el tupido y denso manto de un Maine Coon cuenta con propiedades termorreguladoras excepcionales. Su doble capa de pelo, heredada de los duros inviernos de Maine en Estados Unidos, le permite adaptarse perfectamente a la vida de interiores en tu hogar en Brasil, ya sea con aire acondicionado o calefacción. Al llegar desde el Aeroporto Internacional de Brasília (BSB), notarás inmediatamente su majestuosa presencia y su comportamiento afectuoso, parecido al de un perrito dorado, acompañándote a cada paso que des."
http://dinastiamainecoon.com,venta,maine-coon-salvador,Maine Coon em Salvador,Venda de Maine Coon em Salvador. Gatos gigantes criados em família.,BRL,Brasil,Aeroporto Internacional de Salvador (SSA),"El tamaño XL de este gigante de corazón gentil sorprende a todos en Maine Coon em Salvador. A pesar de que la inmensidad territorial de Brasil propicia dinámicas muy particulares en las mascotas, el Maine Coon prefiere la tranquilidad y comodidad del hogar. Su inteligencia desbordante le permite aprender a usar rascadores verticales y seguir rutinas diarias junto a tu familia en Brasil. Una vez que lo recojas en el Aeroporto Internacional de Salvador (SSA), te enamorarás instantáneamente de sus dulces gorjeos, los cuales usa en lugar del clásico maullido estridente."
http://dinastiamainecoon.com,venta,maine-coon-fortaleza,Maine Coon em Fortaleza,Criadouro Maine Coon Fortaleza. Gatos gigantes saudáveis e belos.,BRL,Brasil,Aeroporto Internacional de Fortaleza (FOR),"El tamaño XL de este gigante de corazón gentil sorprende a todos en Maine Coon em Fortaleza. A pesar de que la inmensidad territorial de Brasil propicia dinámicas muy particulares en las mascotas, el Maine Coon prefiere la tranquilidad y comodidad del hogar. Su inteligencia desbordante le permite aprender a usar rascadores verticales y seguir rutinas diarias junto a tu familia en Brasil. Una vez que lo recojas en el Aeroporto Internacional de Fortaleza (FOR), te enamorarás instantáneamente de sus dulces gorjeos, los cuales usa en lugar del clásico maullido estridente."
http://dinastiamainecoon.com,venta,maine-coon-santiago,Maine Coon en Santiago,Venta de Maine Coon en Santiago de Chile. Gatos gigantes puros.,CLP,Chile,Aeropuerto Internacional Arturo Merino Benítez (SCL),"Tener un Maine Coon en Santiago es un privilegio visual y emocional para cualquier familia en Chile. Sus imponentes patas anchas, adornadas con mechones de pelo entre los dedos (conocidos como 'raquetas de nieve'), fueron diseñadas por la madre naturaleza para caminar sobre la nieve; sin embargo, en la belleza andina chilena resultan ser el gato doméstico más fascinante y dócil que puedas imaginar. Nuestro protocolo de envío asegurado a través del Aeropuerto Internacional Arturo Merino Benítez (SCL) garantiza que tu futuro compañero felino llegue con cero nivel de estrés."
http://dinastiamainecoon.com,venta,maine-coon-valparaiso,Maine Coon en Valparaíso,Criadero Maine Coon Valparaíso. Gatos gigantes con salud garantizada.,CLP,Chile,Aeropuerto Internacional Arturo Merino Benítez (SCL),"Tener un Maine Coon en Valparaíso es un privilegio visual y emocional para cualquier familia en Chile. Sus imponentes patas anchas, adornadas con mechones de pelo entre los dedos (conocidos como 'raquetas de nieve'), fueron diseñadas por la madre naturaleza para caminar sobre la nieve; sin embargo, en la belleza andina chilena resultan ser el gato doméstico más fascinante y dócil que puedas imaginar. Nuestro protocolo de envío asegurado a través del Aeropuerto Internacional Arturo Merino Benítez (SCL) garantiza que tu futuro compañero felino llegue con cero nivel de estrés."
http://dinastiamainecoon.com,venta,maine-coon-concepcion,Maine Coon en Concepción,Maine Coon en Concepción. Gatos gigantes imponentes de raza pura.,CLP,Chile,Aeropuerto Internacional Carriel Sur (CCP),"El tamaño XL de este gigante de corazón gentil sorprende a todos en Concepción. A pesar de que la belleza andina chilena propicia dinámicas muy particulares en las mascotas, el Maine Coon prefiere la tranquilidad y comodidad del hogar. Su inteligencia desbordante le permite aprender a usar rascadores verticales y seguir rutinas diarias junto a tu familia en Chile. Una vez que lo recojas en el Aeropuerto Internacional Carriel Sur (CCP), te enamorarás instantáneamente de sus dulces gorjeos, los cuales usa en lugar del clásico maullido estridente."
http://dinastiamainecoon.com,venta,maine-coon-la-serena,Maine Coon en La Serena,Venta de Maine Coon en La Serena. Criadero de gatos gigantes dóciles.,CLP,Chile,Aeródromo La Florida (LSC),"Aunque La Serena se caracteriza por la belleza andina chilena, el tupido y denso manto de un Maine Coon cuenta con propiedades termorreguladoras excepcionales. Su doble capa de pelo, heredada de los duros inviernos de Maine en Estados Unidos, le permite adaptarse perfectamente a la vida de interiores en tu hogar en Chile, ya sea con aire acondicionado o calefacción. Al llegar desde el Aeródromo La Florida (LSC), notarás inmediatamente su majestuosa presencia y su comportamiento afectuoso, parecido al de un perrito dorado, acompañándote a cada paso que des."
http://dinastiamainecoon.com,venta,maine-coon-antofagasta,Maine Coon en Antofagasta,Criadero Maine Coon Antofagasta. Gatos gigantes hermosos y sanos.,CLP,Chile,Aeropuerto Internacional Andrés Sabella (ANF),"El tamaño XL de este gigante de corazón gentil sorprende a todos en Antofagasta. A pesar de que la belleza andina chilena propicia dinámicas muy particulares en las mascotas, el Maine Coon prefiere la tranquilidad y comodidad del hogar. Su inteligencia desbordante le permite aprender a usar rascadores verticales y seguir rutinas diarias junto a tu familia en Chile. Una vez que lo recojas en el Aeropuerto Internacional Andrés Sabella (ANF), te enamorarás instantáneamente de sus dulces gorjeos, los cuales usa en lugar del clásico maullido estridente."
http://dinastiamainecoon.com,venta,maine-coon-quito,Maine Coon en Quito,Venta de Maine Coon en Quito. Criadero especializado en gatos gigantes.,USD,Ecuador,Aeropuerto Internacional Mariscal Sucre (UIO),"El tamaño XL de este gigante de corazón gentil sorprende a todos en Quito. A pesar de que el clima privilegiado del ecuador propicia dinámicas muy particulares en las mascotas, el Maine Coon prefiere la tranquilidad y comodidad del hogar. Su inteligencia desbordante le permite aprender a usar rascadores verticales y seguir rutinas diarias junto a tu familia en Ecuador. Una vez que lo recojas en el Aeropuerto Internacional Mariscal Sucre (UIO), te enamorarás instantáneamente de sus dulces gorjeos, los cuales usa en lugar del clásico maullido estridente."
http://dinastiamainecoon.com,venta,maine-coon-guayaquil,Maine Coon en Guayaquil,Maine Coon en Guayaquil. Gatos gigantes puros con envíos seguros.,USD,Ecuador,Aeropuerto Internacional José Joaquín de Olmedo (GYE),"Tener un Maine Coon en Guayaquil es un privilegio visual y emocional para cualquier familia en Ecuador. Sus imponentes patas anchas, adornadas con mechones de pelo entre los dedos (conocidos como 'raquetas de nieve'), fueron diseñadas por la madre naturaleza para caminar sobre la nieve; sin embargo, en el clima privilegiado del ecuador resultan ser el gato doméstico más fascinante y dócil que puedas imaginar. Nuestro protocolo de envío asegurado a través del Aeropuerto Internacional José Joaquín de Olmedo (GYE) garantiza que tu futuro compañero felino llegue con cero nivel de estrés."
http://dinastiamainecoon.com,venta,maine-coon-cuenca,Maine Coon en Cuenca,Criadero Maine Coon Cuenca. Gatos gigantes imponentes y bellos.,USD,Ecuador,Aeropuerto Internacional Mariscal Lamar (CUE),"El tamaño XL de este gigante de corazón gentil sorprende a todos en Cuenca. A pesar de que el clima privilegiado del ecuador propicia dinámicas muy particulares en las mascotas, el Maine Coon prefiere la tranquilidad y comodidad del hogar. Su inteligencia desbordante le permite aprender a usar rascadores verticales y seguir rutinas diarias junto a tu familia en Ecuador. Una vez que lo recojas en el Aeropuerto Internacional Mariscal Lamar (CUE), te enamorarás instantáneamente de sus dulces gorjeos, los cuales usa en lugar del clásico maullido estridente."
http://dinastiamainecoon.com,venta,maine-coon-santo-domingo-ec,Maine Coon en Santo Domingo (EC),"Maine Coon en Santo Domingo, Ecuador. Gatos gigantes de raza pura.",USD,Ecuador,Aeropuerto Regional de Santo Domingo (SDO),"Tener un Maine Coon en Santo Domingo (EC) es un privilegio visual y emocional para cualquier familia en Ecuador. Sus imponentes patas anchas, adornadas con mechones de pelo entre los dedos (conocidos como 'raquetas de nieve'), fueron diseñadas por la madre naturaleza para caminar sobre la nieve; sin embargo, en el clima privilegiado del ecuador resultan ser el gato doméstico más fascinante y dócil que puedas imaginar. Nuestro protocolo de envío asegurado a través del Aeropuerto Regional de Santo Domingo (SDO) garantiza que tu futuro compañero felino llegue con cero nivel de estrés."
http://dinastiamainecoon.com,venta,maine-coon-ambato,Maine Coon en Ambato,Venta de Maine Coon en Ambato. Gatos gigantes criados éticamente.,USD,Ecuador,Aeropuerto Regional de Chachoan (ATF),"Aunque Ambato se caracteriza por el clima privilegiado del ecuador, el tupido y denso manto de un Maine Coon cuenta con propiedades termorreguladoras excepcionales. Su doble capa de pelo, heredada de los duros inviernos de Maine en Estados Unidos, le permite adaptarse perfectamente a la vida de interiores en tu hogar en Ecuador, ya sea con aire acondicionado o calefacción. Al llegar desde el Aeropuerto Regional de Chachoan (ATF), notarás inmediatamente su majestuosa presencia y su comportamiento afectuoso, parecido al de un perrito dorado, acompañándote a cada paso que des."
http://dinastiamainecoon.com,venta,maine-coon-asuncion,Maine Coon en Asunción,Venta de Maine Coon en Asunción. Criadero de gatos gigantes imponentes.,PYG,Paraguay,Aeropuerto Internacional Silvio Pettirossi (ASU),"Aunque Asunción se caracteriza por el corazón cálido de Sudamérica, el tupido y denso manto de un Maine Coon cuenta con propiedades termorreguladoras excepcionales. Su doble capa de pelo, heredada de los duros inviernos de Maine en Estados Unidos, le permite adaptarse perfectamente a la vida de interiores en tu hogar en Paraguay, ya sea con aire acondicionado o calefacción. Al llegar desde el Aeropuerto Internacional Silvio Pettirossi (ASU), notarás inmediatamente su majestuosa presencia y su comportamiento afectuoso, parecido al de un perrito dorado, acompañándote a cada paso que des."
http://dinastiamainecoon.com,venta,maine-coon-ciudad-del-este,Maine Coon en Ciudad del Este,Maine Coon en Ciudad del Este. Gatos gigantes con pedigree y salud.,PYG,Paraguay,Aeropuerto Internacional Guaraní (AGT),"Tener un Maine Coon en Ciudad del Este es un privilegio visual y emocional para cualquier familia en Paraguay. Sus imponentes patas anchas, adornadas con mechones de pelo entre los dedos (conocidos como 'raquetas de nieve'), fueron diseñadas por la madre naturaleza para caminar sobre la nieve; sin embargo, en el corazón cálido de Sudamérica resultan ser el gato doméstico más fascinante y dócil que puedas imaginar. Nuestro protocolo de envío asegurado a través del Aeropuerto Internacional Guaraní (AGT) garantiza que tu futuro compañero felino llegue con cero nivel de estrés."
http://dinastiamainecoon.com,venta,maine-coon-san-lorenzo,Maine Coon en San Lorenzo,Criadero Maine Coon San Lorenzo. Gatos gigantes puros y dóciles.,PYG,Paraguay,Aeropuerto Internacional Silvio Pettirossi (ASU),"Tener un Maine Coon en San Lorenzo es un privilegio visual y emocional para cualquier familia en Paraguay. Sus imponentes patas anchas, adornadas con mechones de pelo entre los dedos (conocidos como 'raquetas de nieve'), fueron diseñadas por la madre naturaleza para caminar sobre la nieve; sin embargo, en el corazón cálido de Sudamérica resultan ser el gato doméstico más fascinante y dócil que puedas imaginar. Nuestro protocolo de envío asegurado a través del Aeropuerto Internacional Silvio Pettirossi (ASU) garantiza que tu futuro compañero felino llegue con cero nivel de estrés."
http://dinastiamainecoon.com,venta,maine-coon-luque,Maine Coon en Luque,Venta de Maine Coon en Luque. Gatos gigantes de criadero responsable.,PYG,Paraguay,Aeropuerto Internacional Silvio Pettirossi (ASU),"El tamaño XL de este gigante de corazón gentil sorprende a todos en Luque. A pesar de que el corazón cálido de Sudamérica propicia dinámicas muy particulares en las mascotas, el Maine Coon prefiere la tranquilidad y comodidad del hogar. Su inteligencia desbordante le permite aprender a usar rascadores verticales y seguir rutinas diarias junto a tu familia en Paraguay. Una vez que lo recojas en el Aeropuerto Internacional Silvio Pettirossi (ASU), te enamorarás instantáneamente de sus dulces gorjeos, los cuales usa en lugar del clásico maullido estridente."
http://dinastiamainecoon.com,venta,maine-coon-capiata,Maine Coon en Capiatá,Maine Coon en Capiatá. Gatos gigantes imponentes de raza pura.,PYG,Paraguay,Aeropuerto Internacional Silvio Pettirossi (ASU),"El tamaño XL de este gigante de corazón gentil sorprende a todos en Capiatá. A pesar de que el corazón cálido de Sudamérica propicia dinámicas muy particulares en las mascotas, el Maine Coon prefiere la tranquilidad y comodidad del hogar. Su inteligencia desbordante le permite aprender a usar rascadores verticales y seguir rutinas diarias junto a tu familia en Paraguay. Una vez que lo recojas en el Aeropuerto Internacional Silvio Pettirossi (ASU), te enamorarás instantáneamente de sus dulces gorjeos, los cuales usa en lugar del clásico maullido estridente."
http://dinastiamainecoon.com,venta,maine-coon-lima,Maine Coon en Lima,Venta de Maine Coon en Lima. Criadero con gatos gigantes certificados.,PEN,Perú,Aeropuerto Internacional Jorge Chávez (LIM),"El tamaño XL de este gigante de corazón gentil sorprende a todos en Lima. A pesar de que la histórica geografía peruana propicia dinámicas muy particulares en las mascotas, el Maine Coon prefiere la tranquilidad y comodidad del hogar. Su inteligencia desbordante le permite aprender a usar rascadores verticales y seguir rutinas diarias junto a tu familia en Perú. Una vez que lo recojas en el Aeropuerto Internacional Jorge Chávez (LIM), te enamorarás instantáneamente de sus dulces gorjeos, los cuales usa en lugar del clásico maullido estridente."
http://dinastiamainecoon.com,venta,maine-coon-arequipa,Maine Coon en Arequipa,Criadero Maine Coon Arequipa. Gatos gigantes bellos y saludables.,PEN,Perú,Aeropuerto Internacional Rodríguez Ballón (AQP),"Aunque Arequipa se caracteriza por la histórica geografía peruana, el tupido y denso manto de un Maine Coon cuenta con propiedades termorreguladoras excepcionales. Su doble capa de pelo, heredada de los duros inviernos de Maine en Estados Unidos, le permite adaptarse perfectamente a la vida de interiores en tu hogar en Perú, ya sea con aire acondicionado o calefacción. Al llegar desde el Aeropuerto Internacional Rodríguez Ballón (AQP), notarás inmediatamente su majestuosa presencia y su comportamiento afectuoso, parecido al de un perrito dorado, acompañándote a cada paso que des."
http://dinastiamainecoon.com,venta,maine-coon-trujillo,Maine Coon en Trujillo,Maine Coon en Trujillo. Gatos gigantes de pura raza para familias.,PEN,Perú,Aeropuerto Internacional Capitán FAP Carlos Martínez de Pinillos (TRU),"Aunque Trujillo se caracteriza por la histórica geografía peruana, el tupido y denso manto de un Maine Coon cuenta con propiedades termorreguladoras excepcionales. Su doble capa de pelo, heredada de los duros inviernos de Maine en Estados Unidos, le permite adaptarse perfectamente a la vida de interiores en tu hogar en Perú, ya sea con aire acondicionado o calefacción. Al llegar desde el Aeropuerto Internacional Capitán FAP Carlos Martínez de Pinillos (TRU), notarás inmediatamente su majestuosa presencia y su comportamiento afectuoso, parecido al de un perrito dorado, acompañándote a cada paso que des."
http://dinastiamainecoon.com,venta,maine-coon-chiclayo,Maine Coon en Chiclayo,Venta de Maine Coon en Chiclayo. Gatos gigantes sanos imponentes.,PEN,Perú,Aeropuerto Internacional Capitán FAP José A. Quiñones (CIX),"Aunque Chiclayo se caracteriza por la histórica geografía peruana, el tupido y denso manto de un Maine Coon cuenta con propiedades termorreguladoras excepcionales. Su doble capa de pelo, heredada de los duros inviernos de Maine en Estados Unidos, le permite adaptarse perfectamente a la vida de interiores en tu hogar en Perú, ya sea con aire acondicionado o calefacción. Al llegar desde el Aeropuerto Internacional Capitán FAP José A. Quiñones (CIX), notarás inmediatamente su majestuosa presencia y su comportamiento afectuoso, parecido al de un perrito dorado, acompañándote a cada paso que des."
http://dinastiamainecoon.com,venta,maine-coon-piura,Maine Coon en Piura,Criadero Maine Coon Piura. Los gatos más grandes y dóciles.,PEN,Perú,Aeropuerto Internacional Capitán FAP Guillermo Concha Iberico (PIU),"Aunque Piura se caracteriza por la histórica geografía peruana, el tupido y denso manto de un Maine Coon cuenta con propiedades termorreguladoras excepcionales. Su doble capa de pelo, heredada de los duros inviernos de Maine en Estados Unidos, le permite adaptarse perfectamente a la vida de interiores en tu hogar en Perú, ya sea con aire acondicionado o calefacción. Al llegar desde el Aeropuerto Internacional Capitán FAP Guillermo Concha Iberico (PIU), notarás inmediatamente su majestuosa presencia y su comportamiento afectuoso, parecido al de un perrito dorado, acompañándote a cada paso que des."
http://dinastiamainecoon.com,venta,maine-coon-montevideo,Maine Coon en Montevideo,Venta de Maine Coon en Montevideo. Criadero de gatos gigantes.,UYU,Uruguay,Aeropuerto Internacional de Carrasco (MVD),"Tener un Maine Coon en Montevideo es un privilegio visual y emocional para cualquier familia en Uruguay. Sus imponentes patas anchas, adornadas con mechones de pelo entre los dedos (conocidos como 'raquetas de nieve'), fueron diseñadas por la madre naturaleza para caminar sobre la nieve; sin embargo, en la tranquilidad uruguaya resultan ser el gato doméstico más fascinante y dócil que puedas imaginar. Nuestro protocolo de envío asegurado a través del Aeropuerto Internacional de Carrasco (MVD) garantiza que tu futuro compañero felino llegue con cero nivel de estrés."
http://dinastiamainecoon.com,venta,maine-coon-salto,Maine Coon en Salto,Criadero Maine Coon Salto. Gatos gigantes imponentes con pedigree.,UYU,Uruguay,Aeropuerto Internacional de Nueva Hespérides (STY),"El tamaño XL de este gigante de corazón gentil sorprende a todos en Salto. A pesar de que la tranquilidad uruguaya propicia dinámicas muy particulares en las mascotas, el Maine Coon prefiere la tranquilidad y comodidad del hogar. Su inteligencia desbordante le permite aprender a usar rascadores verticales y seguir rutinas diarias junto a tu familia en Uruguay. Una vez que lo recojas en el Aeropuerto Internacional de Nueva Hespérides (STY), te enamorarás instantáneamente de sus dulces gorjeos, los cuales usa en lugar del clásico maullido estridente."
http://dinastiamainecoon.com,venta,maine-coon-ciudad-de-la-costa,Maine Coon en Ciudad de la Costa,Maine Coon en Ciudad de la Costa. Gatos gigantes puros y sanos.,UYU,Uruguay,Aeropuerto Internacional de Carrasco (MVD),"Tener un Maine Coon en Ciudad de la Costa es un privilegio visual y emocional para cualquier familia en Uruguay. Sus imponentes patas anchas, adornadas con mechones de pelo entre los dedos (conocidos como 'raquetas de nieve'), fueron diseñadas por la madre naturaleza para caminar sobre la nieve; sin embargo, en la tranquilidad uruguaya resultan ser el gato doméstico más fascinante y dócil que puedas imaginar. Nuestro protocolo de envío asegurado a través del Aeropuerto Internacional de Carrasco (MVD) garantiza que tu futuro compañero felino llegue con cero nivel de estrés."
http://dinastiamainecoon.com,venta,maine-coon-paysandu,Maine Coon en Paysandú,Venta de Maine Coon en Paysandú. Gatos gigantes criados en familia.,UYU,Uruguay,Aeropuerto Internacional Tydeo Larre Borges (PDU),"Tener un Maine Coon en Paysandú es un privilegio visual y emocional para cualquier familia en Uruguay. Sus imponentes patas anchas, adornadas con mechones de pelo entre los dedos (conocidos como 'raquetas de nieve'), fueron diseñadas por la madre naturaleza para caminar sobre la nieve; sin embargo, en la tranquilidad uruguaya resultan ser el gato doméstico más fascinante y dócil que puedas imaginar. Nuestro protocolo de envío asegurado a través del Aeropuerto Internacional Tydeo Larre Borges (PDU) garantiza que tu futuro compañero felino llegue con cero nivel de estrés."
http://dinastiamainecoon.com,venta,maine-coon-maldonado,Maine Coon en Maldonado,Criadero Maine Coon Maldonado. Gatos gigantes de excelente calidad.,UYU,Uruguay,Aeropuerto Internacional de Laguna del Sauce (PDP),"Aunque Maldonado se caracteriza por la tranquilidad uruguaya, el tupido y denso manto de un Maine Coon cuenta con propiedades termorreguladoras excepcionales. Su doble capa de pelo, heredada de los duros inviernos de Maine en Estados Unidos, le permite adaptarse perfectamente a la vida de interiores en tu hogar en Uruguay, ya sea con aire acondicionado o calefacción. Al llegar desde el Aeropuerto Internacional de Laguna del Sauce (PDP), notarás inmediatamente su majestuosa presencia y su comportamiento afectuoso, parecido al de un perrito dorado, acompañándote a cada paso que des."
http://dinastiamainecoon.com,venta,maine-coon-caracas,Maine Coon en Caracas,Venta de Maine Coon en Caracas. Criadero de gatos gigantes puros.,VES,Venezuela,Aeropuerto Internacional Simón Bolívar (CCS),"El tamaño XL de este gigante de corazón gentil sorprende a todos en Caracas. A pesar de que el increíble trópico venezolano propicia dinámicas muy particulares en las mascotas, el Maine Coon prefiere la tranquilidad y comodidad del hogar. Su inteligencia desbordante le permite aprender a usar rascadores verticales y seguir rutinas diarias junto a tu familia en Venezuela. Una vez que lo recojas en el Aeropuerto Internacional Simón Bolívar (CCS), te enamorarás instantáneamente de sus dulces gorjeos, los cuales usa en lugar del clásico maullido estridente."
http://dinastiamainecoon.com,venta,maine-coon-maracaibo,Maine Coon en Maracaibo,Maine Coon en Maracaibo. Gatos gigantes imponentes y saludables.,VES,Venezuela,Aeropuerto Internacional La Chinita (MAR),"El tamaño XL de este gigante de corazón gentil sorprende a todos en Maracaibo. A pesar de que el increíble trópico venezolano propicia dinámicas muy particulares en las mascotas, el Maine Coon prefiere la tranquilidad y comodidad del hogar. Su inteligencia desbordante le permite aprender a usar rascadores verticales y seguir rutinas diarias junto a tu familia en Venezuela. Una vez que lo recojas en el Aeropuerto Internacional La Chinita (MAR), te enamorarás instantáneamente de sus dulces gorjeos, los cuales usa en lugar del clásico maullido estridente."
http://dinastiamainecoon.com,venta,maine-coon-valencia,Maine Coon en Valencia,Criadero Maine Coon Valencia. Gatos gigantes de raza pura certificados.,VES,Venezuela,Aeropuerto Internacional Arturo Michelena (VLN),"Tener un Maine Coon en Valencia es un privilegio visual y emocional para cualquier familia en Venezuela. Sus imponentes patas anchas, adornadas con mechones de pelo entre los dedos (conocidos como 'raquetas de nieve'), fueron diseñadas por la madre naturaleza para caminar sobre la nieve; sin embargo, en el increíble trópico venezolano resultan ser el gato doméstico más fascinante y dócil que puedas imaginar. Nuestro protocolo de envío asegurado a través del Aeropuerto Internacional Arturo Michelena (VLN) garantiza que tu futuro compañero felino llegue con cero nivel de estrés."
http://dinastiamainecoon.com,venta,maine-coon-barquisimeto,Maine Coon en Barquisimeto,Venta de Maine Coon en Barquisimeto. Gatos gigantes sanos y dóciles.,VES,Venezuela,Aeropuerto Internacional Jacinto Lara (BRM),"Tener un Maine Coon en Barquisimeto es un privilegio visual y emocional para cualquier familia en Venezuela. Sus imponentes patas anchas, adornadas con mechones de pelo entre los dedos (conocidos como 'raquetas de nieve'), fueron diseñadas por la madre naturaleza para caminar sobre la nieve; sin embargo, en el increíble trópico venezolano resultan ser el gato doméstico más fascinante y dócil que puedas imaginar. Nuestro protocolo de envío asegurado a través del Aeropuerto Internacional Jacinto Lara (BRM) garantiza que tu futuro compañero felino llegue con cero nivel de estrés."
http://dinastiamainecoon.com,venta,maine-coon-maracay,Maine Coon en Maracay,Criadero Maine Coon Maracay. Gatos gigantes majestuosos para tu hogar.,VES,Venezuela,Aeropuerto Los Tacariguas (MYC),"Tener un Maine Coon en Maracay es un privilegio visual y emocional para cualquier familia en Venezuela. Sus imponentes patas anchas, adornadas con mechones de pelo entre los dedos (conocidos como 'raquetas de nieve'), fueron diseñadas por la madre naturaleza para caminar sobre la nieve; sin embargo, en el increíble trópico venezolano resultan ser el gato doméstico más fascinante y dócil que puedas imaginar. Nuestro protocolo de envío asegurado a través del Aeropuerto Los Tacariguas (MYC) garantiza que tu futuro compañero felino llegue con cero nivel de estrés."
